index,published,topic,term,domain,language,valid,de,title,description,en,la,url,image,archive,content,quote,added,feed,country,ipcc,continent
a325b5c5c7427d373972bbe8f420eec8,2026-08-01T12:42:00Z,Snow Avalanche,χιονοστιβάδα,www.protothema.gr,el,0.9,Der legendäre Bergsteiger Nirmal Purja ist in Pakistan bei einer Lawine ums Leben gekommen. Tot und die restlichen neun Mitglieder der Mission | Pakistan | Kletterer | Tot | Tod | Welt,Νεκρός σε χιονοστιβάδα στο Πακιστάν ο θρυλικός ορειβάτης Νίρμαλ Πούρτζα,Νεκρά και τα υπόλοιπα εννέα μέλη της αποστολής | Πακιστάν | Ορειβάτης | Νεκρός | Θάνατος | Κόσμος,Legendary mountaineer Nirmal Purja died in an avalanche in Pakistan. Dead and the remaining nine members of the mission | Pakistan | Climber | Dead | Death | World,Legendarius montanus Nirmal Purja mortuus est in NIVIS in Pakistan. Mortuus et reliqui novem membra missionis | Pakistan | Climber | Mortuus | Mors | Mundus,https://www.protothema.gr/world/article/1859150/nekros-se-hionostivada-sto-pakistan-o-thrulikos-oreivatis-nirmal-pourtza/,https://www.protothema.gr/images/640x360share/jpg/files/2026-08-01/maketa-nirmal-purja.jpg,,", 2019 14 , Broad Peak . , .Elite Expeditions, , , « ». .
: , . .
 (Gurkhas Special Boat Service), . 2019 «Project Possible», 14 8.000 , .""Netflix 14 Peaks: Nothing Is Impossible"", , .
Broad Peak,… [+5 chars]",,2026-08-05 03:50:44+00:00,random,,,
c3b2507a92739030d2035383be76fc68,2026-08-01T13:27:29Z,Snow Avalanche,χιονοστιβάδα,www.skai.gr,el,0.9,"Der legendäre Bergsteiger Nirmal Poorja ist in Pakistan bei einer Lawine ums Leben gekommen. Der nepalesische Bergsteiger, der für seinen historischen Rekord von 14 Gipfeln über 8.000 Metern bekannt ist, gehört zu den zehn Opfern der Broad Peak-Tragödie","Νεκρός σε χιονοστιβάδα στο Πακιστάν ο θρυλικός ορειβάτης, Νιρμάλ Πούρτζα","Ο Νεπαλέζος ορειβάτης, γνωστός για το ιστορικό του ρεκόρ στις 14 κορυφές άνω των 8.000 μέτρων, συγκαταλέγεται στα δέκα θύματα της τραγωδίας στο Broad Peak","Legendary mountaineer Nirmal Poorja died in an avalanche in Pakistan. The Nepalese mountaineer, known for his historic record of 14 peaks above 8,000 meters, is among the ten victims of the Broad Peak tragedy","Legendarius montanus Nirmal Poorja mortuus est in monte cadentis in Pakistan. Mons Nepalesus, notus monumento historico 14 cacuminum supra 8000 metrorum, est inter decem victimas Tragoediae latae Pecco.",https://www.skai.gr/news/world/nekros-se-xionostivada-sto-pakistan-o-thrylikos-oreivatis-nirmal-pourtza,https://cdn.skai.gr/sites/default/files/styles/article_16_9/public/2026-08/oreivatis_ap.jpg?itok=2uTQ0w3j,,", , Broad Peak , .
 Elite Expeditions « » . , .
 2019, 14 189 , .
, : , .
 , , « , , , ».
« , », .
 Broad Peak, 12 , 8.047 , .
 , «Nims». 2019, 14 8.000 . Netflix «14 Peaks: Nothing Is Impossi… [+214 chars]",,2026-08-05 03:50:44+00:00,random,,,
2d268e396b077a0728ad827ec111497b,2026-08-02T11:06:12Z,Drought,ξηρασία,www.newsit.gr,el,0.9,"Europas Flüsse trocknen aus und verursachen wirtschaftliche Probleme. Anhaltende Dürre und extreme Temperaturen in Europa führen dazu, dass die größten Flüsse des Kontinents auf historisch niedrige Niveaus sinken und schwere Turbulenzen in ... verursachen. 
Der Artikel Europas Flüsse trocknen aus und verursachen wirtschaftliche Probleme...",Τα ποτάμια της Ευρώπης στερεύουν και προκαλούν οικονομικό πονοκέφαλο,"Η παρατεταμένη ξηρασία και οι ακραίες θερμοκρασίες που πλήττουν την Ευρώπη οδηγούν τα μεγαλύτερα ποτάμια της ηπείρου σε ιστορικά χαμηλά επίπεδα, προκαλώντας σοβαρές αναταράξεις στις ... 
To άρθρο Τα ποτάμια της Ευρώπης στερεύουν και προκαλούν οικονομικό πονοκ…","Europe's rivers are drying up and causing an economic headache. Prolonged drought and extreme temperatures affecting Europe are driving the continent's largest rivers to historically low levels, causing severe turbulence in ... 
The article Europe's rivers are drying up and causing economic pain...","Flumina Europae siccant et capitis oeconomicos efficiunt. Longae siccitatis et extremae temperaturae quae Europam afficiunt maximas continentis flumina ad gradus historice humiliores adigunt, gravem turbulentiam faciunt in ... 
Articuli flumina Europae siccant et dolorem oeconomicum faciunt...",https://www.newsit.gr/oikonomia/diethni/ta-potamia-tis-eyropis-stereyoun-kai-prokaloun-oikonomiko-ponokefalo/4742539/,https://www.newsit.gr/wp-content/uploads/2026/08/2026-08-01t204009z-1384664315-rc2tpmacjdky-rtrmadp-3-europe-weather-germany-1200x630.jpg,,", , , .
 , .
, , Bloomberg. , , , 2018. 
 , , 20% , .
 . , BASF, Covestro Evonik, , Thyssenkrupp . 0,2 .
, . , . 
 , Paks, 44 , . 100 200 . (315 630 . ), .
 . Verbund 370 . , EDF 10%, . , 10%,… [+24 chars]",,2026-08-05 11:07:43+00:00,random,,,
f0802047b4091aa798a70b43975c6b47,2026-08-03T08:59:42Z,Drought,ξηρασία,www.skai.gr,el,0.9,"Donau: Historische Dürre legt Mitteleuropa lahm – Atomkraftwerk Paks außer Betrieb, Probleme in Rumänien, Serbien und der Schifffahrt. Der sinkende Pegel der Donau verursacht in vielen europäischen Ländern Probleme für Elektrizität, Verkehr, landwirtschaftliche Produktion und Tourismus","Δούναβης: Η ιστορική ξηρασία παραλύει την Κεντρική Ευρώπη – Εκτός λειτουργίας ο πυρηνικός σταθμός Paks, προβλήματα σε Ρουμανία, Σερβία και ναυσιπλοΐα","Η  πτώση της στάθμης του Δούναβη προκαλεί προβλήματα στην ηλεκτρική ενέργεια, τις μεταφορές, την αγροτική παραγωγή και τον τουρισμό σε πολλές ευρωπαϊκές χώρες","Danube: Historic drought paralyzes Central Europe – Paks nuclear power plant out of service, problems in Romania, Serbia and navigation. The falling level of the Danube is causing problems for electricity, transport, agricultural production and tourism in many European countries","Danubius: Historica siccitas torpescit Central Europa – Paks potentia nuclearis plantae ex ministerio, quaestionibus in Romania, Serbia et navigatione. Lapsus Danubius problemata electricitatis, transportationis, agriculturae et voluptuaria similesve in multis regionibus Europaeis causat",https://www.skai.gr/news/world/dounavisektos-leitourgias-o-pyrinikos-stathmos-paks-provlimata-se-roumania-servia-kai-nays,https://cdn.skai.gr/sites/default/files/styles/article_16_9/public/skaivideo/2026-07/dunabe.jpg?itok=E1R1V1Ia,,", , .
 , , , .
«» Paks
 , , , Paks, , .
 44 , , .
 , , 300 , .
.
 , , .
 , . , .
 1996, 1.700 , 4.700 .
, .
 , 
 .
, , .
, , .
 , , , .
 .Skai.gr Google News .
© 2026 skai.gr - All R… [+13 chars]",,2026-08-05 11:07:43+00:00,random,,,
ec30365697f343d279dc2d07d0d7a474,2026-08-03T12:17:02Z,Drought,ξηρασία,www.protothema.gr,el,0.9,"KI-Rechenzentrum wird beschuldigt, 260 Milliarden Gallonen pro Jahr zu verbrauchen, verspricht aber, überhaupt kein Wasser zu verbrauchen. In einer von Dürre heimgesuchten Region soll ein riesiges Rechenzentrum für künstliche Intelligenz 260 Millionen Gallonen Wasser verbrauchen, obwohl es versprach, kein Wasser zur Kühlung zu verwenden | Das Beste aus dem Netzwerk","Κέντρο δεδομένων τεχνητής νοημοσύνης κατηγορείται για χρήση 260 δισ. γαλονιών ετησίως, ενώ υποσχέθηκε ότι δεν θα χρησιμοποιεί καθόλου νερό","Σε μια περιοχή που χαρακτηρίζεται από ξηρασία ένα γιγαντιαίο κέντρο δεδομένων τεχνητής νοημοσύνης πρόκειται να χρησιμοποιήσει 260 εκατομμυρίων γαλονιών νερού, την ώρα που είχε υποσχεθεί πως δεν θα χρησιμοποιεί καθόλου νερό για ψύξη | Best of network","AI data center accused of using 260 billion gallons a year, while promising to use no water at all. In a drought-stricken region, a giant artificial intelligence data center is set to use 260 million gallons of water, when it promised to use no water for cooling | Best of network","AI Mauris interdum accusatus est usura 260 miliarda ternas in anno, cum promittens nullam aquam omnino se uti. In regione siccitate, gigas intelligentiae artificialis centri datae ponitur uti CCLX decies lagenas aquae, quando non promisit uti aqua ad refrigerandum | Optimus retis",https://www.protothema.gr/best-of-network/article/1859922/kedro-dedomenon-tehnitis-noimosunis-katigoreitai-gia-hrisi-260-dis-galonion/,https://www.protothema.gr/images/640x360share/jpg/files/2026-06-25/ai-texniti-noimosyni.jpg,,"To view this video please enable JavaScript, and consider upgrading to a
 web browser that supports HTML5 video",,2026-08-05 11:07:43+00:00,random,,,
eacfa9e4a0ecc95cec00251fb8ac7718,2026-08-03T18:39:04Z,Heat Wave,κύμα καύσωνα,www.newsit.gr,el,0.9,"Alarm in Europa wegen Dürre, Donau und Rhein auf historischen Tiefstständen. Anhaltende Dürre und aufeinanderfolgende Hitzewellen in Europa führen zu einer beispiellosen Krise. Die größten Flüsse des Kontinents verzeichnen historisch niedrige Pegelstände. Die ... 
Der Artikel Alarm in Europa aufgrund der Dürre, Donau und Rhein in der Geschichte...","Συναγερμός στην Ευρώπη λόγω της ξηρασίας, Δούναβης και Ρήνος σε ιστορικά χαμηλά","Σε μία πρωτοφανή κρίση οδηγούν η παρατεταμένη ξηρασία και τα διαδοχικά κύματα καύσωνα στην Ευρώπη. Οι μεγαλύτεροι ποταμοί της ηπείρου καταγράφουν ιστορικά χαμηλές στάθμες. Ο ... 
To άρθρο Συναγερμός στην Ευρώπη λόγω της ξηρασίας, Δούναβης και Ρήνος σε ιστορικ…","Alert in Europe due to drought, Danube and Rhine at historic lows. Prolonged drought and successive heat waves in Europe are leading to an unprecedented crisis. The continent's largest rivers are recording historically low levels. The ... 
The article Alert in Europe due to the drought, Danube and Rhine in history...","In Europa ob siccitatem erecti, Danuvius et Rhenus apud historicos sequitur. Longa siccitas et aestus continuos in Europa ad discrimen inauditum ducunt. Maximae flumina continentis gradus historice ima memorant. In... 
Articulus erecti in Europa propter siccitatem, Danubium et Rhenum in historia...",https://www.newsit.gr/kosmos/synagermos-stin-eyropi-logo-tis-ksirasias-dounavis-kai-rinos-se-istorika-xamila/4743458/,https://www.newsit.gr/wp-content/uploads/2026/08/danub-xirasia-03082026-1200x630.jpg,,". . , , , , . , , . , , , 44 . , , 10% , . , , , . , . , 20% . , , ., , . 180 , , , ’ , . , , , . , . , 5 .W Rumunii wojsko wysadzio cz skay, aby zwikszy przepyw wody w Dunaju. Celem kontrolowanej ek… [+268 chars]",,2026-08-05 11:07:43+00:00,random,,,
