index,module,topic,color,feed,term,created,country,ratio,counter,pages,language,ipcc,continent
'3e4b341619',extremes,Storm,#b3b2b1,random,καταιγίδα,2026-08-20T03:26:00+00:00,,0.6469273453883807,4,3,el,,
'0a98fdd376',extremes,Snow Avalanche,#deddd5,random,χιονοστιβάδα,2026-09-10T07:28:00+00:00,,0.4973915192473806,3,2,el,,
'9f0423d739',extremes,Drought,#edc291,random,ξηρασία,2026-08-27T13:00:00+00:00,,0.4950502404700758,4,2,el,,
'59a17cc18a',extremes,Wildfire,#d60d2b,effis,πυρκαγιά Κύπρος,2026-09-02T07:16:00+00:00,Cyprus,0.4614784863230471,3,1,el,MED,Europe
'a8bf560bd8',extremes,Wildfire,#d60d2b,effis,πυρκαγιά γρεβενά greece,2026-08-31T08:51:00+00:00,Greece,0.4416638029886567,3,1,el,MED,Europe
'65d62aaf7d',extremes,Wildfire,#d60d2b,effis,wild fire φλώρινα greece,2026-09-08T07:23:00+00:00,Greece,0.4336884782227017,3,1,el,MED,Europe
'6e172a8d1b',extremes,Wildfire,#d60d2b,effis,bushfire ελλάδα  ξάνθη δημοτική κοινότητα ευμοίρου,2026-09-08T07:23:00+00:00,Greece,0.4149969854130843,3,1,el,MED,Europe
'586ee38d37',extremes,Wildfire,#d60d2b,effis,wild fire shqipëria tiranë kavajë,2026-09-08T07:23:00+00:00,Albania,0.4029496017337718,3,1,el,MED,Europe
'20741ce7eb',extremes,Tsunami,#690191,random,τσουνάμι,2026-08-30T08:29:00+00:00,,0.3995578192701797,2,2,el,,
'aa2f190dbf',extremes,Wildfire,#d60d2b,effis,wild fire tiranë albania,2026-09-08T07:23:00+00:00,Albania,0.3991857835665546,3,1,el,MED,Europe
'98e8aeadde',extremes,Wildfire,#d60d2b,effis,πυρκαγιά shqipëria dibër bulqizë,2026-08-31T08:51:00+00:00,Albania,0.3951847168281092,3,1,el,MED,Europe
'6a7f97b7d4',extremes,Wildfire,#d60d2b,effis,wildfire αχαΐα greece,2026-09-12T07:19:00+00:00,Greece,0.3837900995748641,3,1,el,MED,Europe
'd2d114d875',extremes,Wildfire,#d60d2b,effis,άγρια ​​φωτιά shqipëria gjirokastër libohovë,2026-08-31T08:51:00+00:00,Albania,0.3819024673497734,3,1,el,MED,Europe
'62f7a20918',extremes,Wildfire,#d60d2b,effis,wild fire ελλάδα  λάρισα τοπική κοινότητα στομίου,2026-08-31T08:51:00+00:00,Greece,0.3811647521818454,3,1,el,MED,Europe
'6f66108fa3',extremes,Wildfire,#d60d2b,effis,wildfire καρδίτσα greece,2026-09-12T07:19:00+00:00,Greece,0.3807972161576662,3,1,el,MED,Europe
'f498eca9e8',extremes,Wildfire,#d60d2b,effis,bushfire ελλάδα  εύβοια δημοτική κοινότητα καρύστου,2026-09-03T07:20:00+00:00,Greece,0.3800952255241116,3,1,el,MED,Europe
'cd5f89c779',extremes,Wildfire,#d60d2b,effis,wild fire λάρισα greece,2026-08-31T08:51:00+00:00,Greece,0.3788543109113749,3,1,el,MED,Europe
'e1450a8f8d',extremes,Wildfire,#d60d2b,effis,wildfire ελλάδα  ξάνθη δημοτική κοινότητα ευμοίρου,2026-09-08T07:23:00+00:00,Greece,0.3778195058621615,3,1,el,MED,Europe
'697d19c00a',extremes,Wildfire,#d60d2b,effis,bushfire ελλάδα  λάρισα τοπική κοινότητα στομίου,2026-09-01T07:57:00+00:00,Greece,0.3761931859591755,3,1,el,MED,Europe
'5399efb53b',extremes,Wildfire,#d60d2b,effis,bushfire ιωάννινα greece,2026-09-03T07:20:00+00:00,Greece,0.374274666139498,3,1,el,MED,Europe
'a1747d6e2b',extremes,Wildfire,#d60d2b,effis,wild fire ελλάδα  ιωάννινα δημοτική κοινότητα κονίτσης,2026-09-05T07:04:00+00:00,Greece,0.3713222469175843,3,1,el,MED,Europe
'f881445b97',extremes,Thunderstorm,#53785a,wmo,χαλάζι ήπειρος,2026-09-12T07:19:00+00:00,Greece,0.3659048691266973,3,1,el,MED,Europe
'ed759e1f41',extremes,Wildfire,#d60d2b,effis,wild fire shqipëria shkodër πεδίο arrës,2026-09-07T07:29:00+00:00,Albania,0.3616242364086129,3,1,el,MED,Europe
'3cd619cb2e',extremes,Thunderstorm,#53785a,wmo,έντονα καιρικά φαινόμενα δυτική Στερεά,2026-09-02T07:16:00+00:00,Greece,0.3604808784106114,3,1,el,MED,Europe
'be3aa35ac9',extremes,Wildfire,#d60d2b,effis,wild fire ιωάννινα greece,2026-09-05T07:04:00+00:00,Greece,0.3600988116127239,3,1,el,MED,Europe
'ad595b5fab',extremes,Wildfire,#d60d2b,effis,bushfire shqipëria shkodër πεδίο arrës,2026-09-05T07:04:00+00:00,Albania,0.3599322488296867,3,1,el,MED,Europe
'3f1654d72c',extremes,Wildfire,#d60d2b,effis,wildfire κύπρος  κύπρος τρυπημένη,2026-09-02T07:16:00+00:00,Cyprus,0.3596448645181179,3,1,el,MED,Europe
'58ba059c90',extremes,Wildfire,#d60d2b,effis,πυρκαγιά shqipëria lezhë lezhë,2026-09-06T07:16:00+00:00,Albania,0.3590102477684815,3,1,el,MED,Europe
'd08e77205a',extremes,Thunderstorm,#53785a,wmo,καταιγίδα δυτική Στερεά,2026-09-04T07:23:00+00:00,Greece,0.357604314951447,3,1,el,MED,Europe
'b359adac1c',extremes,Wildfire,#d60d2b,effis,πυρκαγιά shqipëria shkodër vau i dejës,2026-09-05T07:04:00+00:00,Albania,0.3563121500318608,3,1,el,MED,Europe
'7987959ad8',extremes,Wildfire,#d60d2b,effis,wildfire shqipëria elbasan librazhd,2026-09-04T07:23:00+00:00,Albania,0.3523510906109232,3,1,el,MED,Europe
'f11e8892b6',extremes,Wildfire,#d60d2b,effis,wild fire shqipëria dibër ματ,2026-09-01T07:57:00+00:00,Albania,0.3523201739691858,3,1,el,MED,Europe
'6cd3a5393b',extremes,Storm,#b3b2b1,wmo,καταιγίδα δυτική Πελοπόννησος,2026-09-03T07:20:00+00:00,Greece,0.3507872533100157,3,1,el,MED,Europe
'e048c4b3d7',extremes,Wildfire,#d60d2b,effis,πυρκαγιά shqipëria fier fier,2026-09-08T07:23:00+00:00,Albania,0.3497853532840227,4,1,el,MED,Europe
'095fbab594',extremes,Wildfire,#d60d2b,effis,wildfire shqipëria shkodër πεδίο arrës,2026-09-06T07:16:00+00:00,Albania,0.3497455138401986,3,1,el,MED,Europe
'dd174d55e9',extremes,Wildfire,#d60d2b,effis,wildfire ξάνθη greece,2026-09-08T07:23:00+00:00,Greece,0.349107542796061,3,1,el,MED,Europe
'762f5b8867',extremes,Heat Wave,#c40202,wmo,καύσωνας ήπειρος,2026-09-05T07:05:00+00:00,Greece,0.3451977678521436,3,1,el,MED,Europe
'1368a0b03f',extremes,Storm,#b3b2b1,wmo,κύμα καταιγίδας θεσσαλία,2026-09-02T07:16:00+00:00,Greece,0.3436453340488989,3,1,el,MED,Europe
'1405131905',extremes,Thunderstorm,#53785a,random,χαλάζι,2026-08-29T09:18:00+00:00,,0.3409696440595337,2,2,el,,
'0534a8b2b7',extremes,Storm,#b3b2b1,wmo,καταιγίδα κύμα ήπειρος,2026-09-09T07:32:00+00:00,Greece,0.3402087715218399,3,1,el,MED,Europe
'879a0ea4b0',extremes,Wildfire,#d60d2b,effis,wildfire ελλάδα  αχαΐα τοπική κοινότητα πετσάκων,2026-09-12T07:19:00+00:00,Greece,0.3396066276175631,4,1,el,MED,Europe
'3b091a11d8',extremes,Wildfire,#d60d2b,effis,bushfire ξάνθη greece,2026-09-08T07:23:00+00:00,Greece,0.3383163626098092,4,1,el,MED,Europe
'86cf497352',extremes,Wildfire,#d60d2b,effis,wildfire elbasan albania,2026-09-04T07:23:00+00:00,Albania,0.332442861318875,3,1,el,MED,Europe
'810077b9f4',extremes,Wildfire,#d60d2b,effis,άγρια ​​φωτιά shqipëria dibër dibër,2026-09-05T07:04:00+00:00,Albania,0.3319328676279466,3,1,el,MED,Europe
'7e6553634c',extremes,Wildfire,#d60d2b,effis,wildfire ελλάδα  καρδίτσα τρίκαλα τοπική κοινότητα ασπροκκλησιάς,2026-09-12T07:19:00+00:00,Greece,0.3277576298579897,4,1,el,MED,Europe
'8821695df4',extremes,Wildfire,#d60d2b,effis,wildfire ελλάδα  ιωάννινα δημοτική κοινότητα κονίτσης,2026-09-03T07:20:00+00:00,Greece,0.3244724963574703,3,1,el,MED,Europe
'ea5dda7aa1',extremes,Wildfire,#d60d2b,effis,bushfire ελλάδα  ιωάννινα δημοτική κοινότητα κονίτσης,2026-09-03T07:20:00+00:00,Greece,0.3223286556491671,3,1,el,MED,Europe
'a27ac3abee',extremes,Wildfire,#d60d2b,effis,bushfire εύβοια greece,2026-09-03T07:20:00+00:00,Greece,0.3193307880926598,3,1,el,MED,Europe
'53a11bb139',extremes,Wildfire,#d60d2b,effis,wildfire shqipëria berat skrapar,2026-09-03T07:20:00+00:00,Albania,0.3180994534924269,3,1,el,MED,Europe
'363ce72927',extremes,Drought,#edc291,edo,ξηρασία αλβανία,2026-09-02T07:17:00+00:00,Albania,0.3137998612570836,2,1,el,MED,Europe
'6d41685acd',extremes,Wildfire,#d60d2b,effis,wildfire shqipëria berat ura vajgurore,2026-09-08T07:23:00+00:00,Albania,0.3096768796179788,2,1,el,MED,Europe
'9bf488e92a',extremes,Earthquake,#870007,usgs,σεισμός χίμαρα,2026-08-31T08:51:00+00:00,Albania,0.3043400165638469,2,1,el,MED,Europe
'd4b5ff2a78',extremes,Thunderstorm,#53785a,wmo,καταιγίδα ανατολική Πελοπόννησος,2026-09-02T07:16:00+00:00,Greece,0.298807832200855,3,1,el,MED,Europe
'c1686dd9fd',extremes,Wildfire,#d60d2b,effis,πυρκαγιά shqipëria lezhë lezhë,2026-09-05T07:04:00+00:00,Albania,0.2908460334242704,4,1,el,MED,Europe
'a8bd41531c',extremes,Thunderstorm,#53785a,wmo,χαλάζι δυτική Μακεδονία,2026-09-03T07:20:00+00:00,Greece,0.2878568703518055,3,1,el,MED,Europe
'd2b5043a66',extremes,Cold Wave,#a7e9fa,random,χαμηλότερη ελάχιστη θερμοκρασία,2026-09-02T07:16:00+00:00,,0.2868073887804316,2,1,el,,
'c4f1f0cbf9',extremes,Iceberg,#d60d2b,random,iceberg arctis,2026-09-08T07:23:00+00:00,,0.2842113999942395,2,1,el,,
'10f476720b',extremes,Insect Infestation,#d60d2b,random,ακρίδα,2026-09-02T07:16:00+00:00,,0.2803865360049654,2,1,el,,
'a652c78afc',extremes,Drought,#edc291,random,μέγα ξηρασία,2026-09-03T07:20:00+00:00,,0.2735856317461354,2,1,el,,
'1d33bbdbbe',extremes,Snow&Ice,#d60d2b,random,φυσώντας χιόνι,2026-09-06T07:16:00+00:00,,0.2724054531235918,2,1,el,,
'283e17f0b3',extremes,Wildfire,#d60d2b,effis,wildfire berat albania,2026-09-03T07:20:00+00:00,Albania,0.2713968490304352,3,1,el,MED,Europe
'361e7077a4',extremes,Earthquake,#870007,usgs,σεισμός κατοχή,2026-09-09T07:32:00+00:00,Greece,0.2696087514320503,3,1,el,MED,Europe
'e900b0ff18',extremes,Wildfire,#d60d2b,effis,wildfire ιωάννινα greece,2026-09-03T07:20:00+00:00,Greece,0.26934670677135986,3,1,el,MED,Europe
'9aceadd432',extremes,Heat Wave,#c40202,random,ρεκόρ θερμότητας,2026-09-02T07:16:00+00:00,,0.2664616898699644,2,1,el,,
'aa051f54f0',extremes,Heat Wave,#c40202,meteo,κύμα καύσωνα στην Αλβανία,2026-09-04T07:23:00+00:00,Albania,0.2613025137002599,3,1,el,MED,Europe
'4b950e38b8',extremes,Thunderstorm,#53785a,meteo,καταιγίδα αλβανία,2026-09-12T07:19:00+00:00,Albania,0.2605041075078755,3,1,el,MED,Europe
'1fefacbadb',extremes,Iceberg,#d60d2b,random,τοκετός παγετώνων,2026-09-01T07:57:00+00:00,,0.2559061179591733,2,1,el,,
'b1d56de062',extremes,Snow&Ice,#d60d2b,random,παγετός,2026-09-10T07:28:00+00:00,,0.2470334747463712,2,1,el,,
'8b4587c763',extremes,Storm,#b3b2b1,random,καταιγίδα σκόνης,2026-09-05T07:04:00+00:00,,0.2454395146060329,2,1,el,,
'89fcf5c848',extremes,Tropical Cyclone,#4f4f4f,eonet,τυφώνας μαρί,2026-09-04T07:23:00+00:00,,0.2297075416015751,2,1,el,NPO,Pacific Ocean
'40482119d7',extremes,Wildfire,#d60d2b,effis,wild fire shqipëria dibër klos,2026-09-09T07:32:00+00:00,Albania,0.2296334090592676,3,1,el,MED,Europe
'dd6493c331',extremes,Storm,#b3b2b1,aidr,καταιγίδα αυστραλία,2026-09-01T07:58:00+00:00,Australia,0.2286960932510924,2,1,el,EAU,Oceania
'ccefefc59e',extremes,Drought,#edc291,random,αστραπιαία ξηρασία,2026-09-08T07:23:00+00:00,,0.2286512635527305,2,1,el,,
'8d4e6fcc3e',extremes,Snow&Ice,#d60d2b,random,χιονοθύελλα,2026-09-09T07:32:00+00:00,,0.2234410321943205,3,1,el,,
