day,sentiment_mean,sentiment_std,subjectivity_mean,subjectivity_std,counting
2025-11-17,2.1655029517627575,1.0,0.3300656694310532,1.0,1.0
2025-11-18,-0.7091299795100057,1.0,0.010082524626299865,1.0,1.0
2025-11-19,-2.2215885339892756,1.0384705783928256,0.7164669025371015,0.579595939628596,2.0
2025-11-20,-0.6689770301417222,0.17570856750711428,0.714184030260875,0.22470008814187994,2.0
2025-11-21,-1.238855801731006,1.0,0.182235950060536,1.0,1.0
2025-11-22,-1.3776804999682337,1.0,0.2466546511907662,1.0,1.0
2025-11-23,-0.39007811601296183,0.9940930613797688,0.37812500707575425,0.6795964355197949,3.0
2025-11-24,0.11285836531568476,1.0,-1.539298304281827,1.0,1.0
2025-11-26,-0.38663358997722536,0.6292421518797797,-0.08810541736518279,0.6194862052171242,3.0
2025-11-27,-0.3263005693140761,0.8025355297749106,-0.07045426971815127,0.3289813373363627,5.0
2025-11-28,-0.3995861247528082,1.2053168123918336,0.5735231596756917,0.2691916087781651,8.0
2025-11-29,-0.7630156999739863,0.9241669355065294,0.5267716301854566,0.26331525167968345,7.0
2025-11-30,0.08724361869852965,1.0736600793441138,-0.9019654610665585,0.7634265499458898,3.0
2025-12-01,0.026591810472369838,0.12914512288713037,0.10190655021450838,0.28545577236025904,4.0
2025-12-02,0.45383130835449,1.0,0.9930230504927456,1.0,1.0
2025-12-03,-0.7532446143485546,0.5928683067943998,0.0954241504672545,0.8318175865963003,6.0
2025-12-04,-0.6208981529462135,1.7362614288172105,0.6565782580557737,0.5146809036490503,7.0
2025-12-05,-0.7200898241076813,1.2019906957557556,0.2982610121331491,0.3678893912890481,3.0
2025-12-06,-1.0379253174402816,1.4690553240456432,-0.41474770265496075,1.3423115750703516,4.0
2025-12-07,-0.9831980639634537,1.0,-0.487410478535352,1.0,1.0
2025-12-12,0.28896534985063643,0.11970416594910682,-1.096780902672947,0.16295129270751693,3.0
2025-12-13,0.5192050138844778,1.3244669418386896,0.12781737067994187,0.40317040160852025,2.0
2025-12-15,0.03950859968217491,0.261375820721938,-0.3712383431992324,1.2889204170025284,6.0
2025-12-16,0.03123874173917842,1.0,0.10054947900616813,1.0,1.0
2025-12-17,0.3911069971459235,1.0,-0.4292664040687359,1.0,1.0
2025-12-19,1.7479980212646788,1.0,0.5667406014309876,1.0,1.0
2025-12-20,0.3283352404437082,0.3320011946562755,-0.8902120571837747,1.0139168031527075,3.0
2025-12-21,0.11285836531568476,1.0,-1.539298304281827,1.0,1.0
2025-12-22,-0.4590674483068763,1.0,-0.3166731330471853,1.0,1.0
2025-12-23,-0.652655329099273,1.0,-0.08411546156883178,1.0,1.0
2025-12-24,-0.7663130789114707,3.096540863952536,0.9122648982804775,0.30269575856284414,2.0
2025-12-25,-0.6255634514351277,1.868090525984755,0.8293841860231658,0.3986822359330465,3.0
2025-12-26,-0.16749787942574235,0.11319779121237383,0.12984388668336505,0.16801873480711704,3.0
2025-12-27,1.1226316445653088,1.2909703656568363,0.6453634710200565,0.7475951708324311,4.0
2025-12-29,-0.4250348988644999,0.5754474188804793,0.18868708327367956,0.4836474393169473,7.0
2025-12-30,1.0363256434043364,1.5979745021455791,0.8062313347097495,1.6866123219369604,3.0
2025-12-31,0.3123874192408962,0.3637105611318335,0.13998768027631628,1.368468135418623,3.0
2026-01-01,0.3950510099935585,0.5483360838095445,0.3059069566949718,0.957738471261637,6.0
2026-01-02,0.30476947764743834,0.4359368558026027,-0.3422894670383226,1.1330578709959116,5.0
2026-01-03,-0.33883091651655356,1.0,-0.05623355852638744,1.0,1.0
2026-01-04,0.31255178653936516,1.0,-0.3001976787583922,1.0,1.0
2026-01-05,0.1420846175761538,1.0,0.3799347224946913,1.0,1.0
2026-01-06,-0.39718939052502655,0.7249900261865685,-0.9748407220986977,1.2414431296520987,4.0
2026-01-07,0.07391458901223742,0.5626919461103682,0.2976152472717277,1.152195574852417,4.0
2026-01-08,0.009316681734520873,1.2032533469983566,0.27058948979092395,0.98154146200018,7.0
2026-01-09,-2.044126796118928,1.4057731016795567,0.8438390409143008,1.24924900224089,4.0
2026-01-10,-0.46502299574528067,1.0818650461647843,0.49597328951429454,0.5716326817108688,11.0
2026-01-11,-0.4858637703964706,0.49742827367884035,0.07602460608032593,0.8220659397356191,7.0
2026-01-12,0.14952493770670794,0.6715864490088552,0.6516233808471549,0.988525014035942,6.0
2026-01-13,-0.9877555381752058,1.2180041111516393,1.081600455501517,1.102351152223042,7.0
2026-01-14,-0.5298014705641299,0.6173970238436255,-0.06702902227248896,0.6297483389449907,4.0
2026-01-15,-0.5245398400134399,0.7559019576061751,-0.2655849412589653,0.8917922757419129,3.0
2026-01-16,-0.4536024788206743,1.0649830564178744,0.38845393652190857,1.2347763227903052,5.0
2026-01-17,0.04692155140645019,1.3490033843964238,0.5549398563486718,0.8329071955870859,3.0
2026-01-18,0.15007803038213752,1.3150170273230626,0.35938289958398384,0.7100475036162502,3.0
2026-01-19,0.013053978725660453,1.2480892234395002,0.27304720953134226,1.00444989465974,15.0
2026-01-20,-0.42908272635144723,1.1920060718105083,0.46859915376846567,1.0363386021980188,13.0
2026-01-21,-1.076468011997393,1.1106091629970927,0.3005848182587365,0.6740245350024751,34.0
2026-01-22,-0.8774950415281525,0.9171774970322781,0.30719278029042185,0.6629632210080456,32.0
2026-01-23,-0.3006443494794199,1.418328657215051,0.32381713453871197,0.7103163781981259,22.0
2026-01-24,-0.6301259247488503,0.6256721677311791,0.423597992450751,0.463473174458842,7.0
2026-01-25,0.051348148531174635,1.1324758304122404,0.18308174360455792,1.1751590918931087,14.0
2026-01-26,-0.3468157247324568,0.7997432022046712,0.15681166022295712,0.6998179838893792,29.0
2026-01-27,-0.3374432152884336,0.4654688981229045,-0.26189717290883596,0.8789014439186168,8.0
2026-01-28,-0.3881610350902807,0.919228271395337,0.36164447679768685,0.8598796768341493,16.0
2026-01-29,-0.506155259313103,0.781705763842465,0.4936323557693569,0.7090182163721471,14.0
2026-01-30,-0.3047500266098024,0.8710442243216139,0.32240110434809577,1.0869114733472343,6.0
2026-01-31,-0.8789760264086323,0.6827254792011361,0.1644441946466764,0.47415522512164676,7.0
2026-02-01,-0.7666031692220201,0.8843062694824976,0.6105106612418273,0.35593416457290045,23.0
2026-02-02,-0.2908982167467161,0.9865845194066073,0.21654784074689207,1.1906199124028112,12.0
2026-02-03,0.03965022860351156,0.5613772531480821,0.5304697545776313,1.199559186632129,7.0
2026-02-04,0.15722775623243174,0.5448171456494337,-0.08162266697229227,1.290430581607913,9.0
2026-02-05,-0.7780684208863643,0.8085623586760399,0.3960617848137642,0.4378037474044024,19.0
2026-02-06,-0.35915412285953713,0.799423986312333,0.3909123839401345,0.33285421540743204,7.0
2026-02-07,-0.059087818569813884,0.29620026149116807,-0.9268746453081972,0.823265622156617,6.0
2026-02-08,-0.49059917509040885,0.7585361402646549,-0.003628020380665298,0.9788290603734312,5.0
2026-02-09,-0.2267231624567823,1.1380422372420318,-0.4064356577985438,0.5270105636610437,4.0
2026-02-10,-0.3891806287875049,0.6745829323798711,0.026141648574454723,0.6393814530296111,5.0
2026-02-11,-0.20809147855604251,1.368162747655423,0.033884209680106005,0.8729731817446751,16.0
2026-02-12,-0.2915675541765219,0.9253910101122457,-0.026734420340100512,1.0665409270410042,8.0
2026-02-13,-0.5472362728811729,1.1285980055584277,0.3526849126114962,0.9557717074279068,16.0
2026-02-14,-0.30735834129918443,1.2962624954677333,0.04376641576493732,0.9690503541862566,10.0
2026-02-15,-0.3506201818258454,0.6672394371588679,-0.04652998631795666,0.9048789982040072,17.0
2026-02-16,0.03118641933962263,1.0971648212731437,-0.049260387533065705,0.9457890557771146,20.0
2026-02-17,0.20835544552394358,0.8595611070624377,-0.26119649313991206,0.927750265805071,14.0
2026-02-18,-0.20639970965361368,0.9300660942428163,-0.07516338253080405,0.8800948994487076,15.0
2026-02-19,-0.041341621253231285,1.2068751119331589,0.2438992699687428,0.9777461965412044,12.0
2026-02-20,-0.6076665585267638,0.9948516603214679,0.15240338065634576,0.7197899770261118,16.0
2026-02-21,-0.13972818287757405,1.0481893993923632,0.8436670631336644,0.7449931949830564,7.0
2026-02-22,0.33428524146015887,0.5738486992155575,0.09675833988674816,1.0385641615002605,12.0
2026-02-23,0.3375125573825435,0.7430596000312262,0.08991979221475836,0.9901178869704899,19.0
2026-02-24,-0.10713658095910814,1.1033399135609914,0.13899361683034506,1.05475823866724,17.0
2026-02-25,-0.34626719457586147,0.5050842977935722,-0.13442383023664278,0.9473841793458313,11.0
2026-02-26,-0.3799592617894473,0.9673962998347896,0.38384976063078013,1.0622769805052636,9.0
2026-02-27,-0.49286570320317746,1.3363552171310196,0.22717926789911475,1.245490576125536,10.0
2026-02-28,0.1204207066828054,0.681585927527882,-0.1505601334366364,0.33839458035205344,3.0
2026-03-01,-0.45490738425859695,1.5404834328747752,0.5796517579164472,0.7854939213976384,3.0
2026-03-02,0.4028549997113874,1.364693815803036,-0.6051208935334484,0.8551619381858744,7.0
2026-03-03,0.6894623965530479,1.344068150184835,0.4175540387820942,1.1835269590228972,9.0
2026-03-04,0.127577579537715,0.9121660498015263,-0.33202084527715736,0.6140023116631278,9.0
2026-03-05,0.08136319742789325,0.45674138035062894,-0.9027157352750879,1.0658956660420127,5.0
2026-03-06,0.2902166473937055,0.532422579646011,-0.6208307639380589,0.7921325796276596,11.0
2026-03-07,0.25802927971515904,0.7804322222733203,-0.1939925545108039,1.1617554483625836,14.0
2026-03-08,0.6087925202510008,1.066751615591188,0.47724344448196415,1.0695844772385548,19.0
2026-03-09,-0.013904357555675331,0.7456937288705212,-0.16422081541931116,1.1401624340700014,16.0
2026-03-10,-0.08724734002979267,0.644724253928827,-0.330735284695973,0.9020495830063208,8.0
2026-03-11,0.2331396677672843,0.8904173994381208,-0.14228815549896354,1.0748713385159485,8.0
2026-03-12,0.7514441307237354,1.8774831148587765,0.2753015185508788,0.8923981900581577,10.0
2026-03-13,0.5622049485267366,0.6465441377715577,0.1522085044676428,1.5923030018189481,6.0
2026-03-14,0.3661435567783912,1.1478299504469467,0.85526844478004,1.4967282973954013,5.0
2026-03-15,1.073129798143694,0.29836208832119604,-0.2642383937406013,0.7753905804508942,2.0
2026-03-16,0.1226513253045741,0.325841645748688,-0.40753487657580706,1.0890769769627342,13.0
2026-03-17,0.41211821367351614,0.7659364787531212,-0.06052763421881472,0.9496156016621591,14.0
2026-03-18,0.2027220890643524,0.5034752984758664,-0.6097080166450302,0.959015651804457,9.0
2026-03-19,-0.09468774418658442,0.6499032307898125,-0.13720545592675654,0.711598040045075,9.0
2026-03-20,0.06627165738431538,0.7231828487655376,-0.06125796406372075,0.9791233847710169,22.0
2026-03-21,-0.5063292237551328,0.7567600540691366,0.10969303980433319,0.6955595675732846,11.0
2026-03-22,0.3905573132085175,1.9322095061646456,0.697550320279412,0.8118297462429656,11.0
2026-03-23,0.050865789899183084,0.5752616150117758,-0.3408245315551768,0.6125388916196293,6.0
2026-03-24,0.23856923776596822,0.6269055745864167,0.0724533176022737,1.1817751155859049,8.0
2026-03-25,0.3036563130878164,1.2918897527232074,-0.03284369119008633,1.300099132685634,7.0
2026-03-26,0.4053753067900309,0.745708114637836,-0.15049483406277966,0.9306488648358997,11.0
2026-03-27,-0.17807651310430095,0.6502473476153255,-0.3277571985477716,0.5708309557473309,12.0
2026-03-28,-0.1540576073965383,0.7809181645965112,-0.30353228480376276,0.9256973643974798,14.0
2026-03-29,0.25338592855063474,0.4598400419467501,-0.5410353835443082,1.0931317697023755,13.0
2026-03-30,-0.1400958421382995,0.5355750619207882,-0.3403745734120406,0.5792345527157913,16.0
2026-03-31,-0.348382511589651,0.5907446792524165,0.037760310538158925,1.0008798171634936,7.0
2026-04-01,-0.0441251931183959,1.04412986736063,0.1393382845914671,0.927023781009401,19.0
2026-04-02,-0.01730702896209601,0.658054981344951,-0.09872136548671244,0.8015477830250588,24.0
2026-04-03,0.2828609251386834,0.9349117908588476,-0.45038614114554637,1.0311674683798513,14.0
2026-04-04,1.4301591697704952,1.3787058381264063,0.3561057251772516,1.6584767236479248,4.0
2026-04-05,0.2874010539662807,1.1535277029553541,0.4849893159293771,0.9505008047418112,11.0
2026-04-06,0.21842100400223863,0.5657992123164205,-0.46451732524179384,0.8029126864231724,15.0
2026-04-07,-0.3137103058294572,0.741546922733804,-0.4362189905606834,0.9736101187634718,13.0
2026-04-08,0.1232113583511718,0.6317567486658606,-0.2038420175909457,0.9987274615920642,15.0
2026-04-09,-0.15126401567027953,0.6765824573824589,0.34855993067939184,0.868911281513532,9.0
2026-04-10,0.8720891829147377,1.6982679244136585,-0.0444363267233258,1.2449922099011705,10.0
2026-04-11,0.7711845850104798,1.4550111779826123,0.1246724286205583,1.4006410638836333,7.0
2026-04-12,-0.13080552568049833,0.620112801860994,-0.13724704669215623,0.6959816442596616,6.0
2026-04-13,0.6381422002754065,0.6893487628111812,-0.09350233876419442,0.7461078682254567,10.0
2026-04-14,0.25999063880305145,0.9806467546256006,-0.35778425466773495,1.2577013686732417,14.0
2026-04-15,-0.11737211083640377,0.059888304048160854,0.2169096814326046,0.7064948699572545,2.0
2026-04-16,0.560927028636094,0.6534036025274808,0.3635515117893885,0.8628659618895286,10.0
2026-04-17,0.06562711096624702,0.33507679223371845,-0.6308698080968341,1.0179683053472974,6.0
2026-04-18,0.09051181249192235,0.6564923790995153,-0.633773559646509,1.1794284615109496,13.0
2026-04-19,-0.11584760657608353,0.6226999214017858,-0.612021488268854,0.9317358498617276,13.0
2026-04-20,-0.006004952291797212,1.2123296280725677,-0.3455214298952917,0.9734086145622697,17.0
2026-04-21,-0.1720228862726687,1.0093511608708474,0.06461318367360833,0.9452322227108262,15.0
2026-04-22,0.23682699261995538,0.790961577378038,-0.2736904847540372,0.8898920481250246,7.0
2026-04-23,0.6270483878851953,0.8902576381543629,-0.30359065133815527,0.6869820661497607,10.0
2026-04-24,0.5787132280416216,0.9227538739272555,0.39396256231254057,1.3220140273864749,18.0
2026-04-25,0.3743702745789986,0.6606431461088818,-0.18737049281796486,0.9790674529073033,5.0
2026-04-26,0.12145312497833816,1.2277326117694485,0.16413194810117063,1.7852535207657132,3.0
2026-04-27,0.29790751140081034,0.8816597212650955,0.0019562918042686653,1.4078635781350266,19.0
2026-04-28,0.8546106195612808,1.1371301121184276,-0.03910075838142135,0.9547296352933823,11.0
2026-04-29,-0.29839935778956633,0.9211955426032219,0.2907881132698769,0.9152623023720229,5.0
2026-04-30,-0.09275300498799599,0.7654130623599791,-0.10745579936428792,0.7878164154044637,10.0
2026-05-01,-0.1328695564739145,0.9136208934853924,0.1177908799538214,0.9381353359466296,9.0
2026-05-02,0.22402596634616811,0.8900525465244892,-0.38172269792409125,1.3353944770490391,8.0
2026-05-03,-0.1496910237083811,0.7588411266469959,0.08394786006893708,0.8073771885161829,32.0
2026-05-04,0.2225830713549066,0.8974803260424241,-0.10074332490202383,0.6874356924172497,3.0
2026-05-05,-0.30315016491074004,0.5915490174100021,-0.46180526146391704,1.0472692889993522,3.0
2026-05-06,1.4797945387480367,0.8223378129064253,0.7375695804935565,1.397941426204473,2.0
2026-05-07,0.2882158788784987,0.24799297394455547,-0.9995140155009312,0.763370261949858,2.0
2026-05-08,-0.18067929697489724,0.5262918086757803,-0.2694788005114154,0.8214469629196225,10.0
2026-05-09,-0.07237808238598853,1.013020834408174,0.6619752337065128,1.2922451844287735,2.0
2026-05-10,0.423691352702881,0.53837852682304,0.25532877464496767,2.030358704627028,3.0
2026-05-11,0.7184025422515363,0.8953815301710168,-0.09845677908772643,1.332858327410759,8.0
2026-05-12,0.3198800984371229,0.36642855694036913,-0.7813107357696369,0.12692407580701617,2.0
2026-05-13,-0.4774471532845023,0.3956057812074532,-0.3794527491705373,0.7505292332081364,3.0
2026-05-14,0.5410142364432914,1.5029849791821879,0.02102146486816947,1.2152512910407463,9.0
2026-05-15,0.47366593139437807,0.7862476603239082,-0.8875419530589795,1.0921114878699947,5.0
2026-05-16,0.37821946183628397,1.7822946997765183,0.13212594505717387,1.1402990009051055,4.0
2026-05-17,0.22986842784177508,0.16828085940588103,-0.6031798424448096,0.7321103681076555,4.0
2026-05-18,0.0900802093334258,0.40095942702104104,-1.4151433770538793,0.17717555452729775,3.0
2026-05-19,-0.17455343630117914,0.5186039455237266,-0.6195999355764508,1.1352558520881237,5.0
2026-05-20,0.02339544788934747,0.4239289487062049,0.11846396634686236,1.352118532035863,6.0
2026-05-21,0.1468885384954528,0.8363795905751531,-0.12343505630494803,0.9143947306804208,7.0
2026-05-22,-0.01700904515696041,0.8931178743686442,-0.32868562721165573,1.3753118357326206,9.0
2026-05-23,0.24382555904733164,0.7104411753627046,-0.2415143444554229,1.0122173675425103,14.0
2026-05-24,-0.15856505162966636,0.8069214964532972,0.19865782479912106,0.702050174688513,9.0
2026-05-25,0.3381062292843535,0.5713040365220379,-0.038211327321249614,1.221160792485782,10.0
2026-05-26,0.8346070661361115,1.1186543912637539,0.5717027432729974,1.1769724558160053,11.0
2026-05-27,0.6073935192944409,0.6288986697419551,0.13049705474646256,0.8033193590824432,6.0
2026-05-28,0.17768107451126056,0.6469881722235579,-0.5781385421039876,1.0058096943998394,10.0
2026-05-29,-0.12018535820476031,0.7399961531044704,0.1573347622026054,1.1844139599264656,16.0
2026-05-30,-0.07670304467520198,0.12902309643646648,-0.5344762534800179,1.2401558245798727,7.0
2026-05-31,0.11285836531568476,1.0,-1.539298304281827,1.0,1.0
2026-06-01,0.8009827031473259,1.4320363040338955,0.6575604365263482,0.9480403279458963,6.0
2026-06-02,0.6262398140639823,1.5145364668611698,0.6721519672968326,1.6227807748745622,4.0
2026-06-03,0.45734054689584985,1.103636869199697,0.3094796620447918,0.950577084951909,13.0
2026-06-04,0.34977856306254856,1.2527717036261667,0.12076868576263472,0.8131630571540724,16.0
2026-06-05,-0.16390788913840473,1.067102712256824,-0.2549942779428476,1.1125886615836373,6.0
2026-06-06,-0.15780750095223262,1.374751234725773,0.1055169628513215,0.7273609894214081,2.0
2026-06-07,0.3957865430061699,1.038870439504349,0.06898116603184408,1.1313794396001242,18.0
2026-06-08,0.03685564321049017,0.8089166130160708,-0.22574166878006144,1.100482291473787,20.0
2026-06-09,-0.10737244228366462,0.5347956473282864,-0.1612988714283984,1.1741418999290496,8.0
2026-06-10,0.3644187973258749,1.0293857904451857,0.22296532900613603,0.8367004309388606,8.0
2026-06-11,0.037008139362501156,0.41859367421195776,-0.6830733607279185,0.916449691392115,9.0
2026-06-12,-0.06509383776922607,1.0765995544722042,-0.015162637151166359,0.9826339828551989,17.0
2026-06-13,0.36249847165760263,0.850046530201874,-0.6017842245613048,1.0929559567026421,7.0
2026-06-14,0.5435286456310852,0.9247937219638426,-0.24434275899545027,0.8656445312959764,16.0
2026-06-15,0.05354160147682863,0.8722259083697209,-0.015480086130888552,0.5995635181459446,13.0
2026-06-16,-0.07905413959347893,0.30925496801873176,-0.859237550616841,1.0223367203110416,13.0
2026-06-17,-0.09804566905680459,1.6199997731223106,0.028929806027704588,1.4291435355118363,13.0
2026-06-18,-0.23239216846353064,0.3635429864714835,-0.40916748411121423,0.6729790819696148,6.0
2026-06-19,-0.11846776158377707,1.3062131822909806,-0.627372977657231,1.3662990576117615,7.0
2026-06-20,-0.6677641583218671,1.8215091232386929,0.006442555864516538,1.2435590659079843,7.0
2026-06-21,0.8399081497211631,0.056765595380767774,-0.4225493822198053,0.024307974781119526,2.0
2026-06-22,0.5152224993999107,1.0770652760993105,-0.15427671070037663,1.3045820892256854,7.0
2026-06-23,0.19925787815494478,0.6616530892928357,-0.3972321695792659,0.8724714736614054,7.0
2026-06-24,0.25598487320569485,0.6399997666294981,-0.3679271789461424,1.087267336802177,12.0
2026-06-25,0.13817112012796243,0.8395264804796061,0.1874227469452548,1.067028233262563,21.0
2026-06-26,0.016959725086020866,0.7108073943424432,-0.002412482058443133,0.47128983286188814,4.0
2026-06-27,0.10031818022782737,0.8523629440108392,-0.6390874590201767,1.1433474583411476,7.0
2026-06-28,-1.4876651900954303,1.0,1.8832449106806222,1.0,1.0
2026-06-29,0.14493122218826288,0.6564130780058866,-0.5720410828742679,0.7535730710603448,11.0
2026-06-30,0.014861134326512426,0.4163197595994569,-0.46200392663677226,0.5070361251882624,8.0
2026-07-01,0.04225757980083715,0.8426478766749229,-0.1564345154694365,1.0781647626801212,4.0
2026-07-02,0.3076582960900513,0.2530310866640207,-0.7763823634170397,0.9751999802997002,5.0
2026-07-03,0.4349741022207225,0.46435812411828054,-0.07504397013884502,0.13797962774391853,3.0
2026-07-04,0.3966000618133073,0.7990248594488573,0.32100467003318844,0.8757783783014257,8.0
2026-07-05,0.7213675561427233,1.8563173915123892,-0.034510861104159504,0.9540433847887226,5.0
2026-07-06,0.2025091432077944,1.3183005678841966,-0.24822385757969537,0.7972091694886503,7.0
2026-07-07,-0.11202469992048161,0.4526127973502835,-0.37252463869063074,0.7741039037356894,8.0
2026-07-08,0.21083723295798706,1.0902369722449268,-0.038841187905376114,1.0851986431484617,7.0
2026-07-09,0.3493551193999632,0.6125349453609941,0.07470003973797229,0.723489632720694,11.0
2026-07-10,-0.32851699526670614,0.7377055520320268,-0.1775740299095824,0.7354634313705032,8.0
2026-07-11,0.3222404466876209,0.6295944909654869,-0.49194017446145155,1.6600242094441373,3.0
2026-07-12,-0.10627538188491109,0.9679949381549103,-0.0701047051990692,1.053817420729491,4.0
2026-07-13,0.1589375717932341,0.8088390488954206,0.07758330414274522,0.4439438462245653,4.0
2026-07-14,1.0312291013704438,0.6449007913955886,1.5484097476905188,0.36852947462235675,3.0
2026-07-15,0.3009622329695696,0.31534690322589043,-0.6362959001615796,1.5620612258212723,2.0
2026-07-16,-0.6425044892809298,0.9048578713405482,-0.21047049745411409,0.9773293047236971,7.0
2026-07-17,0.025118806545772844,0.8888959549247835,-0.17676966194799903,0.6846430928806224,16.0
2026-07-18,0.253083979195704,0.6281399911803043,0.4852229977903674,1.2228088034270557,11.0
2026-07-19,-0.4650694019696768,0.6476462012409193,0.07937569962999612,0.6221728575531835,8.0
2026-07-20,-0.014584948230739853,0.45731305312341647,-0.2588862408213073,1.0906879436931107,8.0
2026-07-21,0.19999149126641663,0.47603643931707235,-0.626682307111503,0.8617626399781172,9.0
2026-07-22,0.33183989772911476,1.214577286917864,0.5262144311798457,0.5381374965288335,8.0
2026-07-23,-0.3457273455797166,1.1761427656692902,-0.01764707277625858,1.157192518678362,10.0
2026-07-24,-0.8348716232791996,0.9973978825868164,0.06125693076409435,1.0723277363386468,11.0
2026-07-25,-0.6745095967398312,0.9993664806811162,0.8278064767461056,1.2745187855682711,7.0
2026-07-26,-0.34091158264331795,0.4941399640047867,-0.9150618774138127,0.323547703045771,3.0
2026-07-27,0.2341566977613727,0.8760927623691397,0.03801888182569844,0.7628655856881622,5.0
2026-07-28,0.28159690183146874,0.6852217533319114,0.6503401121714966,1.3474488554168256,9.0
2026-07-29,0.24161494026224448,1.3162440195303056,0.4411345146490401,1.0082869254667537,8.0
2026-07-30,0.7192587453606379,1.0319080322200351,0.6090392175364087,0.9804941950832781,11.0
2026-07-31,-0.3676590067417936,1.1755401324086754,-0.10582047923519183,0.21777353099422628,2.0
2026-08-01,0.808628834177165,0.6227997665766645,0.0062810535155164715,0.9803370004999759,4.0
2026-08-02,-0.37209522114958166,1.0261308087597085,0.09988439555821041,0.2550478043353029,4.0
2026-08-03,-0.10429465993306997,0.8587693843806167,-0.28819472419757447,0.6415838562698126,6.0
2026-08-04,0.1847953186483545,0.7936507603255394,0.03414274107940529,1.0759727415416942,10.0
2026-08-05,0.5264438356079542,0.9255296374026827,-0.3516671739392503,1.2254711085975867,11.0
2026-08-06,0.9170177178679033,1.6438937758325196,-0.37833429508931893,1.1981515768514337,6.0
2026-08-07,0.8643705295047509,0.8541977464344673,-0.1530970771070656,1.2016627728380398,3.0
2026-08-08,-0.32328450008759724,0.1413643590626343,0.012494653552655399,0.7451688127011104,5.0
2026-08-09,0.16920933174133487,0.43750654085895613,-0.2580452631620501,1.7059997944062886,5.0
2026-08-10,0.08139091371682461,1.2315266437292938,0.6577424498541783,0.7627474066227504,8.0
2026-08-11,0.1928608543354472,0.4759996944142686,-0.19497063032467876,1.213391273901858,10.0
2026-08-12,0.2815930831970531,0.6837147883563538,-0.13861950933239459,0.7742061581059096,5.0
2026-08-13,0.08393315470433553,0.5319895040611148,-0.021714041679656154,0.9959295426453484,25.0
2026-08-14,0.4972181929326583,1.2185871591417137,0.5139248902533791,1.259287466660288,5.0
2026-08-15,0.4067326722887879,1.2957640025068438,0.24783612147275896,1.2505741800552899,25.0
2026-08-16,0.46909982791533417,0.8214308371267441,0.059899438797816236,0.9592447749585875,14.0
2026-08-17,-0.36618506666435624,0.5887629687887139,-0.49921261099642594,1.0815874197922228,6.0
2026-08-18,-1.381202260167405,1.0,1.0028948520925112,1.0,1.0
2026-08-20,-0.25082963040557693,1.063113835323578,-0.5868011441863521,0.07261819382533989,2.0
2026-08-22,0.26287333992151357,1.0,-0.4450447328687318,1.0,1.0
2026-08-23,0.5025417287886047,0.5510954976545678,0.34050603473394686,0.5222646339471766,2.0
2026-08-26,-0.25125579364499795,0.5149351818542705,-1.1837280038781235,0.5028523412079928,2.0
2026-08-27,-1.3503975626519997,1.149399990314909,0.33302975146982433,1.3632561832134968,3.0
2026-08-28,-0.21127341432696967,0.5469604780326821,-0.9825773195786857,0.7474961490647752,2.0
2026-08-29,-0.18425649331634758,0.30463744739429627,-1.1943929040374002,0.7864867969668923,5.0
2026-08-30,1.2088428250832721,1.0,0.6098428454939616,1.0,1.0
2026-08-31,0.929797972946561,0.5335164896393325,0.6176223174086011,0.4710760226234728,4.0
2026-09-01,0.32497843309969865,0.7787226737615086,0.08220813302372088,0.3683399406561288,2.0
2026-09-02,-0.4802215503450067,1.2868211006884815,0.8573060666466126,0.9151932891848463,4.0
2026-09-08,0.7455904522244373,1.0,0.0011741968341207392,1.0,1.0
