,phrase,label,sentiment,subjectivity,language,count
Greece,,,,,,
Attica,,,,,,
France,,,,,,
US,,,,,,
Crete,,,,,,
China,,,,,,
Spain,,,,,,
Iran,,,,,,
Beaufort,,,,,,
Indonesia,,,,,,
Japan,,,,,,
Europe,,,,,,
Russia,,,,,,
Venezuela,,,,,,
Athens,,,,,,
Aegean,,,,,,
Philippines,,,,,,
New York,,,,,,
Ioannina,,,,,,
Turkey,,,,,,
Cyprus,,,,,,
Ukraine,,,,,,
Evia,,,,,,
Heraklion,,,,,,
Italy,,,,,,
Thessaloniki,,,,,,
Kefalonia,,,,,,
Portugal,,,,,,
Thesprotia,,,,,,
Peloponnese,,,,,,
the Middle East,,,,,,
Patras,,,,,,
Thessaly,,,,,,
Australia,,,,,,
Tehran,,,,,,
India,,,,,,
USA,,,,,,
Limassol,,,,,,
Nepal,,,,,,
Madrid,,,,,,
Hawaii,,,,,,
Ilia,,,,,,
Paphos,,,,,,
Chile,,,,,,
Chios,,,,,,
Ionia,,,,,,
Nicosia,,,,,,
Germany,,,,,,
Alps,,,,,,
Albania,,,,,,
Pakistan,,,,,,
Macedonia,,,,,,
Achaia,,,,,,
Kilauea,,,,,,
Sicily,,,,,,
Britain,,,,,,
Peru,,,,,,
Fthiotida,,,,,,
New Zealand,,,,,,
Mexico,,,,,,
Meteo,,,,,,
Cyclades,,,,,,
Skyros,,,,,,
Switzerland,,,,,,
Israel,,,,,,
Brazil,,,,,,
Taiwan,,,,,,
Belgium,,,,,,
Moscow,,,,,,
Washington,,,,,,
Guatemala,,,,,,
California,,,,,,
Siviri,,,,,,
Larnaca,,,,,,
Afghanistan,,,,,,
Laconia,,,,,,
Corfu,,,,,,
Karditsa,,,,,,
Leptokarya,,,,,,
Argentina,,,,,,
Western Greece,,,,,,
the United States,,,,,,
Piraeus,,,,,,
Sakurajima,,,,,,
Lebanon,,,,,,
Saudi Arabia,,,,,,
Western Europe,,,,,,
Earth,,,,,,
Romania,,,,,,
Leptokaria,,,,,,
Abu Dhabi,,,,,,
Hormuz,,,,,,
Santorini,,,,,,
Chania,,,,,,
Fujairah,,,,,,
Corinth,,,,,,
Parnitha,,,,,,
Bahrain,,,,,,
Mayon,,,,,,
Prokopi,,,,,,
Gulf,,,,,,
Zakynthos,,,,,,
Austria,,,,,,
Central Macedonia,,,,,,
Kythira,,,,,,
Malaysia,,,,,,
Etna,,,,,,
Crans Montana,,,,,,
Chatraphyllia,,,,,,
Skiathos,,,,,,
Odessa,,,,,,
Scotland,,,,,,
protothema,,,,,,
Glasgow,,,,,,
Manhattan,,,,,,
Vanuatu,,,,,,
Georgia,,,,,,
Eastern Aegean,,,,,,
Tsatraphyllia,,,,,,
the United Arab Emirates,,,,,,
Volos,,,,,,
Messinia,,,,,,
Ecuador,,,,,,
Straits,,,,,,
Kasos,,,,,,
Bordeaux,,,,,,
Danube,,,,,,
Cuba,,,,,,
Netherlands,,,,,,
Texas,,,,,,
Sweden,,,,,,
Norway,,,,,,
Vouliagmeni,,,,,,
Dubai,,,,,,
Milan,,,,,,
Caracas,,,,,,
Iraq,,,,,,
Naxos,,,,,,
Mount Athos,,,,,,
Amorgos,,,,,,
Mediterranean,,,,,,
Glyfada,,,,,,
Tripoli,,,,,,
Evrytania,,,,,,
Tzoumerka,,,,,,
Arcadia,,,,,,
Moschato,,,,,,
Northern Greece,,,,,,
Kazan,,,,,,
Pyrgos,,,,,,
Katseli,,,,,,
Alaska,,,,,,
Myrtos,,,,,,
Nisemi,,,,,,
South Korea,,,,,,
Middle East,,,,,,
Chongqing,,,,,,
Tokyo,,,,,,
Sterea,,,,,,
Florida,,,,,,
Arta,,,,,,
Boston,,,,,,
Salamina,,,,,,
Hong Kong,,,,,,
Karachi,,,,,,
Tenerife,,,,,,
the Canary Islands,,,,,,
Manama,,,,,,
Evros,,,,,,
Kiev,,,,,,
Bandung,,,,,,
Rethymno,,,,,,
Atsitsa,,,,,,
Larissa,,,,,,
Finland,,,,,,
Kenya,,,,,,
Konitsa,,,,,,
Rhine,,,,,,
Krasnodar,,,,,,
Kalavryta,,,,,,
Katakolo,,,,,,
Troodos,,,,,,
Lesvos,,,,,,
Agrafa,,,,,,
Hungary,,,,,,
Paris,,,,,,
Eastern Macedonia,,,,,,
United Arab Emirates,,,,,,
Lasithi,,,,,,
Atlantic,,,,,,
Prokopio,,,,,,
Kastoria,,,,,,
Nafpaktos,,,,,,
the Strait of Hormuz,,,,,,
Malta,,,,,,
Agia,,,,,,
Western Attica,,,,,,
Karpathos,,,,,,
Florina,,,,,,
Mount Kandili,,,,,,
Arkesini,,,,,,
Katerini,,,,,,
Sri Lanka,,,,,,
Zevgolatio,,,,,,
Paros,,,,,,
Gythio,,,,,,
Miamou,,,,,,
Larissa - Roads,,,,,,
Uttar Pradesh,,,,,,
Easter,,,,,,
the Black Sea,,,,,,
Congo,,,,,,
Dukono,,,,,,
New Jersey,,,,,,
London,,,,,,
Somalia,,,,,,
Giannitsochori,,,,,,
Mindanao,,,,,,
Laos,,,,,,
Sykoula,,,,,,
the United States Geological Survey,,,,,,
the Gulf of Oman,,,,,,
Madagascar,,,,,,
Milos,,,,,,
South Pelion,,,,,,
Lakkoma,,,,,,
Venice,,,,,,
Harbin,,,,,,
Northeast,,,,,,
Hokkaido,,,,,,
Pikermi,,,,,,
Ziria,,,,,,
Riyadh,,,,,,
Thailand,,,,,,
Ypsonas,,,,,,
Stormy,,,,,,
Oman,,,,,,
the Czech Republic,,,,,,
Gansu province,,,,,,
Southern Europe,,,,,,
Bucharest,,,,,,
Haifa,,,,,,
Makrakomi,,,,,,
Arkalochori,,,,,,
Halki,,,,,,
Syria,,,,,,
Menidi,,,,,,
Sitia,,,,,,
Kazakhstan,,,,,,
Ethiopia,,,,,,
Ionian,,,,,,
Moluccas,,,,,,
Andalusia,,,,,,
the Grand Canyon,,,,,,
Xylofagos,,,,,,
Arravonitsa,,,,,,
Mani,,,,,,
Montana,,,,,,
Baghdad,,,,,,
North Evia,,,,,,
Canada,,,,,,
North Aegean,,,,,,
Argolida,,,,,,
Emirates,,,,,,
Mexico City,,,,,,
Evrota,,,,,,
Voula,,,,,,
Kuwait,,,,,,
Olympiakos,,,,,,
Tempe,,,,,,
earth,,,,,,
Shanghai,,,,,,
Michigan,,,,,,
ND,,,,,,
Denmark,,,,,,
Areopagus,,,,,,
Lixouri,,,,,,
Lefka,,,,,,
Kilkis,,,,,,
Euroleague,,,,,,
Paleochora,,,,,,
Copenhagen,,,,,,
the sea area,,,,,,
Methoni,,,,,,
Los Angeles,,,,,,
Tirana,,,,,,
Pelion,,,,,,
Vlychada,,,,,,
Techblog,,,,,,
Corinthiakos,,,,,,
Tuapse,,,,,,
Oslo,,,,,,
Ust-Luga,,,,,,
Nevada,,,,,,
Ternate,,,,,,
Vienna,,,,,,
Novorossiysk,,,,,,
Camalig,,,,,,
Zaporizhia,,,,,,
Strait of Hormuz,,,,,,
Argolis,,,,,,
St. Patrick's,,,,,,
Naples,,,,,,
Dafni,,,,,,
Islamabad,,,,,,
Baltic Sea,,,,,,
Mersina,,,,,,
Pano Polemidia,,,,,,
Bulgaria,,,,,,
Corinthia,,,,,,
Sudan,,,,,,
Leningrad,,,,,,
The United Arab Emirates,,,,,,
Guangdong,,,,,,
Kryoneri,,,,,,
Pacific,,,,,,
Myrina,,,,,,
Philadelphia,,,,,,
Sahara,,,,,,
Sofiana,,,,,,
Nizhny Novgorod,,,,,,
Kypseli,,,,,,
Guinobatan,,,,,,
Caribbean,,,,,,
Boeotia,,,,,,
temperature - Rains,,,,,,
Sulawesi,,,,,,
Viotia,,,,,,
Varkiza,,,,,,
Sofokleous,,,,,,
Emporio,,,,,,
Volgograd,,,,,,
L.D.,,,,,,
Illinois,,,,,,
the Gulf of Mexico,,,,,,
El Salvador,,,,,,
Zaragoza,,,,,,
Panama,,,,,,
Gironde,,,,,,
Trikala,,,,,,
Picrodafni,,,,,,
United States,,,,,,
South China,,,,,,
Algeria,,,,,,
Myrto Kefalonia,,,,,,
Myrtos beach,,,,,,
Myrtos - Rocks,,,,,,
Kanlaon,,,,,,
Typhoon Bavi,,,,,,
Xirokambos,,,,,,
West Java,,,,,,
Sises,,,,,,
Mithymna,,,,,,
Central Europe,,,,,,
the Great Plains,,,,,,
Midwest,,,,,,
East Coast,,,,,,
Preveli,,,,,,
Central America,,,,,,
Balkans,,,,,,
Valverde,,,,,,
Tswameni,,,,,,
Aragon,,,,,,
Poland,,,,,,
Storm Niles,,,,,,
East China,,,,,,
Chernobyl,,,,,,
Talaun island,,,,,,
Halmahera,,,,,,
Stuttgart,,,,,,
Tinos,,,,,,
the Talaun island,,,,,,
the Big Island,,,,,,
Preveza,,,,,,
Casso,,,,,,
Kalyvia,,,,,,
Slovakia,,,,,,
Columbus,,,,,,
Rio de Janeiro,,,,,,
Zografou,,,,,,
New Delhi,,,,,,
Aiges,,,,,,
Etoloakarnania,,,,,,
Oreokastro,,,,,,
Messi,,,,,,
Rio,,,,,,
Kalochori,,,,,,
Havana,,,,,,
Keratsini,,,,,,
Qatar,,,,,,
Western Australia,,,,,,
Voula - Roads,,,,,,
Spata,,,,,,
Kifissos,,,,,,
Monemvasia municipality,,,,,,
the Ionian Islands,,,,,,
Spata - Fears,,,,,,
Attica - Rains,,,,,,
Petroupoli Attica,,,,,,
Libya,,,,,,
Capri,,,,,,
Oahu,,,,,,
Senegal,,,,,,
Victoria,,,,,,
Newcastle - Sunderland,,,,,,
Omodos,,,,,,
Amyntaio,,,,,,
Keratea,,,,,,
Hapoel,,,,,,
Myrtle,,,,,,
Central Greece,,,,,,
Keelung,,,,,,
Anthousa,,,,,,
Kos,,,,,,
Manchester,,,,,,
Mesara,,,,,,
Kairides,,,,,,
Berlin,,,,,,
Taipei,,,,,,
Yilan,,,,,,
the Atacama Desert,,,,,,
the Pinios river,,,,,,
Tibet,,,,,,
Andritsaina,,,,,,
Northern Evia,,,,,,
Krystallopigi,,,,,,
northern Evia,,,,,,
Kabul,,,,,,
Colombia,,,,,,
Belgrade,,,,,,
Rizoelia,,,,,,
UK,,,,,,
Maccabi,,,,,,
Sofia,,,,,,
Tajikistan,,,,,,
Southern Peloponnese,,,,,,
Guam,,,,,,
Eastern Attica,,,,,,
Ioannito,,,,,,
Taygetos,,,,,,
Kassiopi,,,,,,
Parnassos,,,,,,
Megalochori,,,,,,
Lemnos,,,,,,
Arfari,,,,,,
The United States,,,,,,
the central east,,,,,,
Greenland,,,,,,
Newport,,,,,,
Kassiopi Corfu,,,,,,
North Island,,,,,,
Gerasimos,,,,,,
Ioannita,,,,,,
Kallithea,,,,,,
Faliro,,,,,,
Almeria,,,,,,
Malaga,,,,,,
Komotini,,,,,,
Lake Mornou,,,,,,
Mount Maunganui,,,,,,
U.S.,,,,,,
Jaen,,,,,,
Tel Aviv,,,,,,
Zitsa,,,,,,
UNICEF,,,,,,
Melbourne,,,,,,
Lakatameia,,,,,,
Nicosia province,,,,,,
Anthili,,,,,,
Antheli,,,,,,
Qinghai Province,,,,,,
Rafina,,,,,,
Western Turkey,,,,,,
Chili,,,,,,
the Eastern Aegean,,,,,,
Thessalon,,,,,,
​​Kali Pella,,,,,,
Petreza,,,,,,
central Europe,,,,,,
the Old Continent,,,,,,
Aitoloakarnania - Roads,,,,,,
Sardinia,,,,,,
Gansu,,,,,,
Dangchang County,,,,,,
North Island ',,,,,,
Ryukyu Islands,,,,,,
Rhode Island,,,,,,
Zakaki,,,,,,
Engomi,,,,,,
Guangxi,,,,,,
the North Island,,,,,,
Negros,,,,,,
Maori,,,,,,
Shimane,,,,,,
O.A.S.P.,,,,,,
Northern Aegean,,,,,,
meteo,,,,,,
Quang Ninh,,,,,,
Vegora,,,,,,
phoenix,,,,,,
Hiroshima,,,,,,
Valia Kalda,,,,,,
Caldera,,,,,,
Budapest,,,,,,
Vari,,,,,,
Mithymna Lesbos,,,,,,
Debris,,,,,,
Pinios river,,,,,,
the Vria area,,,,,,
Hymettos,,,,,,
Basin,,,,,,
Northern Mariana Islands,,,,,,
Pacific Ocean,,,,,,
New Marousakis,,,,,,
Archangelos,,,,,,
Skopelos,,,,,,
T.K.,,,,,,
Enipeas,,,,,,
Typhoon Jangmi,,,,,,
Southeast Asia,,,,,,
Philippine Sea,,,,,,
Eastern Turkey,,,,,,
Ymitto,,,,,,
Ankara,,,,,,
Papaflessa,,,,,,
Barnet,,,,,,
Themistokleous,,,,,,
Montreal,,,,,,
Trois-Rivières,,,,,,
North America,,,,,,
Mount Kantili,,,,,,
Sarapio,,,,,,
North London,,,,,,
Western Continent - A,,,,,,
Central Evia,,,,,,
Palaiochora,,,,,,
Gilgil,,,,,,
Coahuila,,,,,,
Saisobun,,,,,,
the Kouris Dam,,,,,,
Alassa,,,,,,
Churu,,,,,,
the Metro of Sao Paulo,,,,,,
Western Continent - Slight,,,,,,
Korydallos,,,,,,
Piedmont,,,,,,
Lombardy,,,,,,
the Tatra Mountains,,,,,,
Bakelas,,,,,,
Bakela,,,,,,
the sea area south,,,,,,
Agiokampos,,,,,,
Ireland,,,,,,
New York Knicks,,,,,,
Attiki - Thessaloniki,,,,,,
Attica - Thessaloniki,,,,,,
Methana,,,,,,
Mesaria,,,,,,
Kotovo,,,,,,
Othon,,,,,,
Yaroslavl,,,,,,
Neohori,,,,,,
Selly,,,,,,
Pylos,,,,,,
Megalopolis,,,,,,
Sayada,,,,,,
Lisbon,,,,,,
Podaquitan,,,,,,
​​the Municipality of Kymi Aliveri,,,,,,
Fili,,,,,,
Evia - Felt,,,,,,
Central,,,,,,
the Thermaic Gulf,,,,,,
North Carolina,,,,,,
Dymaion Beach,,,,,,
the Ioannina basin,,,,,,
the Municipality of Thira,,,,,,
Adriatic,,,,,,
eastern Pacific,,,,,,
Samos,,,,,,
Agiokambos,,,,,,
Kala Limeni,,,,,,
Kozani,,,,,,
Valley,,,,,,
Prokopio Evia Earthquake,,,,,,
the Democratic Republic of Congo,,,,,,
Baku,,,,,,
Kefalos,,,,,,
Souli,,,,,,
Izmail,,,,,,
Mount Etna,,,,,,
Leonidio,,,,,,
Ampelakia,,,,,,
Maroneia,,,,,,
Rodopi,,,,,,
Pas-de-Calais,,,,,,
Crimea,,,,,,
​​Pau,,,,,,
Cheapest,,,,,,
Orunda,,,,,,
Oroundas,,,,,,
Indo,,,,,,
Akontio,,,,,,
Plataria,,,,,,
Mount Etna:,,,,,,
England,,,,,,
Acharnon,,,,,,
Jizan,,,,,,
Karydi,,,,,,
Pompeii,,,,,,
the Efkarpia area,,,,,,
Mikri Vigla,,,,,,
Finopoulou Hill,,,,,,
Aramco,,,,,,
Yemen,,,,,,
Arid Britain,,,,,,
Valais,,,,,,
Euphrates,,,,,,
The Tisrin Dam,,,,,,
Nagano,,,,,,
Engelberg,,,,,,
Marathia Zakynthos,,,,,,
Drymonas,,,,,,
the Kassandra peninsula,,,,,,
Poseidon,,,,,,
Baptistis,,,,,,
Peristeria,,,,,,
the Lefka area,,,,,,
Messolongi,,,,,,
Kuriles,,,,,,
​​Agia Zoni,,,,,,
Indiana,,,,,,
Kyriakaikon,,,,,,
Fagnes,,,,,,
Igoumenitsa,,,,,,
Astros,,,,,,
North Kynouria,,,,,,
Grand Canyon,,,,,,
Kifissia,,,,,,
Ginza,,,,,,
Salamis,,,,,,
the Netherlands,,,,,,
Northwestern Cyclades -,,,,,,
Atsitsa Skir,,,,,,
Stourbridge,,,,,,
Monemvasia,,,,,,
the Ionian Sea,,,,,,
Gerades,,,,,,
Galatas,,,,,,
Koropi,,,,,,
the Nevrokopi Fort,,,,,,
Skyrou,,,,,,
Lysos,,,,,,
Xiropotamos,,,,,,
Tsatraphyllias,,,,,,
Alexandroupoli,,,,,,
Atsitsa Skyrou,,,,,,
Andros,,,,,,
Aegialia,,,,,,
Marathoustas,,,,,,
Marathousta,,,,,,
Kalymnos,,,,,,
Anatolia,,,,,,
Yunnan Province,,,,,,
Mati - The,,,,,,
aurora borealis,,,,,,
Shiraz,,,,,,
Krioneri,,,,,,
Chongqing city,,,,,,
Northern Lights,,,,,,
Hortiatis,,,,,,
La,,,,,,
Halkidiki,,,,,,
Neochorio Karditsa Earthquake,,,,,,
Avila,,,,,,
Kineta,,,,,,
Andes,,,,,,
the Northern Lights,,,,,,
Riban,,,,,,
Ores,,,,,,
Mayo,,,,,,
the Bay of Biscay,,,,,,
Biarritz,,,,,,
Spyr,,,,,,
Byronas,,,,,,
Mandra - Idyllia,,,,,,
West Hollywood,,,,,,
Peristeri,,,,,,
Papagou,,,,,,
China City,,,,,,
Malatya province,,,,,,
the Municipality of Peristeri,,,,,,
Elazig,,,,,,
Sanliurfa,,,,,,
Kalpaki,,,,,,
Loggades,,,,,,
Earth - Bringing,,,,,,
Liakoto,,,,,,
Magoula,,,,,,
Grammos,,,,,,
Serbia,,,,,,
​​Ilia,,,,,,
Mount Elbrus,,,,,,
the Kabardino-Balkaria region,,,,,,
Fuego,,,,,,
Vonica,,,,,,
Guatemala City,,,,,,
Vilia,,,,,,
Mandra-Idyllia,,,,,,
Porto Germeno,,,,,,
Porto,,,,,,
Drygia,,,,,,
Koropi Attica,,,,,,
Godoi Cruz,,,,,,
Limnos,,,,,,
Kissavos,,,,,,
Tunis,,,,,,
the Eastern Mediterranean,,,,,,
Castellon,,,,,,
Egypt,,,,,,
Damietta,,,,,,
Ageranos Gytheios,,,,,,
-new-,,,,,,
Washington dem,,,,,,
| Mount Athos,,,,,,
Kary,,,,,,
Mikrospilia,,,,,,
Solomon Islands,,,,,,
the Solomon Islands,,,,,,
Tropaia Arcadia,,,,,,
West Bank,,,,,,
the West Bank,,,,,,
North Kelevi,,,,,,
Geneva,,,,,,
Lake Tahoe,,,,,,
North Maluku,,,,,,
Palisades Tahoe,,,,,,
the Moluccas Sea,,,,,,
Manado,,,,,,
A.T.,,,,,,
Agrafon,,,,,,
Villerban,,,,,,
Eastern Macedonia - Thrace,,,,,,
Molise,,,,,,
Apulia,,,,,,
Daniel,,,,,,
Hydra -,,,,,,
Mars,,,,,,
Pezeskian,,,,,,
the Municipality of Polygyros,,,,,,
Shark Bay,,,,,,
New Philadelphia,,,,,,
Neot Hovav,,,,,,
Beersheba,,,,,,
Transneft,,,,,,
Jebel Ali,,,,,,
Burj,,,,,,
Ba,,,,,,
Andravida Ilia,,,,,,
the Occupied Territories:,,,,,,
Western Indonesia,,,,,,
Dynamic Island,,,,,,
Malevizi Municipality,,,,,,
South Lebanon,,,,,,
Panathinaikos - Olympiacos,,,,,,
New York City,,,,,,
Long Island,,,,,,
Kurdistan,,,,,,
The Municipality of Chania,,,,,,
Paralimni,,,,,,
the Amur River,,,,,,
Fiji,,,,,,
M. Thursday,,,,,,
Nafpaktos - Felt,,,,,,
Judah,,,,,,
Delaware,,,,,,
Amb,,,,,,
Beirut,,,,,,
Livadia,,,,,,
Purace,,,,,,
Paleo Faliro,,,,,,
Suez,,,,,,
the Municipality of Agios Dimitrios,,,,,,
Asia,,,,,,
Habshan,,,,,,
greece,,,,,,
Northeastern US,,,,,,
Monte Carlo,,,,,,
NORSI,,,,,,
Kodra,,,,,,
Sumatra,,,,,,
Asprangeli,,,,,,
Thira,,,,,,
Kalamaria,,,,,,
Aetoloakarnania,,,,,,
Hemsendal,,,,,,
Iceland,,,,,,
Borneo,,,,,,
Hemsedal,,,,,,
Jubail,,,,,,
Southern California,,,,,,
the Middle East - Locks,,,,,,
Nemea,,,,,,
Asprochoma,,,,,,
Morocco,,,,,,
Klisto,,,,,,
Pieria,,,,,,
the Denizli province,,,,,,
Egnatia,,,,,,
Gerolimenas,,,,,,
the Copa Africa,,,,,,
Samaritan,,,,,,
Guantanamo,,,,,,
west coasts,,,,,,
Dept,,,,,,
Zakharo,,,,,,
the Shetland Islands,,,,,,
Syros,,,,,,
the Western Peloponnese,,,,,,
Villas,,,,,,
Sougia,,,,,,
​​the land zone,,,,,,
Rome,,,,,,
the Municipality of Souli,,,,,,
Mandra,,,,,,
Bigfoot,,,,,,
Argos,,,,,,
onalert.gr,,,,,,
Abu Dhabi - Fire,,,,,,
Tokat,,,,,,
Perivola,,,,,,
west coast,,,,,,
​​the Municipality of Aegialia,,,,,,
Santiago,,,,,,
Sepolia,,,,,,
Pyrgos Ilias,,,,,,
Perivola Patras,,,,,,
the Zacharo community,,,,,,
the United Arab…,,,,,,
Croatia,,,,,,
Aceh province,,,,,,
Waihiawa Dam,,,,,,
Port Arthur,,,,,,
Liosion,,,,,,
Liosion - Video,,,,,,
South Africa,,,,,,
the United States of America,,,,,,
Mavrata,,,,,,
Rubaya,,,,,,
Guaiba,,,,,,
Pafos,,,,,,
"title=""Strong",,,,,,
Assos,,,,,,
Argithea,,,,,,
Mauritania,,,,,,
Pyla,,,,,,
Orlando,,,,,,
Kanye West,,,,,,
Upper Adige - Mon,,,,,,
Goa,,,,,,
Teide,,,,,,
Megistis,,,,,,
Kastellorizos,,,,,,
Upper Adige,,,,,,
Ano Adige,,,,,,
Thesprotia - Ioannina,,,,,,
Doncic,,,,,,
"the Municipalities of Dodoni, Zitsa",,,,,,
Soulio,,,,,,
the Alto Adige,,,,,,
the Tower of Chios,,,,,,
North Shore,,,,,,
Retziki,,,,,,
Shenzhen,,,,,,
Ionian Islands,,,,,,
Sivota,,,,,,
Parga,,,,,,
Southeast Alaska,,,,,,
Taman,,,,,,
Western Greece -,,,,,,
Halmahera island,,,,,,
the Vardousia mountains,,,,,,
the Chernobyl Exclusion Zone,,,,,,
Aradippou,,,,,,
Goudouras,,,,,,
Tsoameni,,,,,,
Antarctica,,,,,,
Espiritu Santo,,,,,,
Kefalos Kos,,,,,,
Kathmandu,,,,,,
Papandreou,,,,,,
El Niño,,,,,,
Emirate,,,,,,
Amaliada,,,,,,
the White Mountains,,,,,,
Northern,,,,,,
Feneos,,,,,,
Kymi,,,,,,
the Kuril Islands,,,,,,
Kalavrita,,,,,,
the National Oceanic,,,,,,
the National Garden,,,,,,
the United Arab Emirates',,,,,,
Kymi Beach - NAVTEMPORIKI,,,,,,
Anogia,,,,,,
Paralia Kymi,,,,,,
Kymi Beach,,,,,,
Ligao City,,,,,,
the Gefyriou Plaka-Agnaton-Pramanton,,,,,,
Kyllini,,,,,,
the Persian Gulf,,,,,,
Interfax,,,,,,
​​eastern Mani,,,,,,
Honshu,,,,,,
Komi Republic,,,,,,
the Pediaos River,,,,,,
Kyiv,,,,,,
Sasmos,,,,,,
Polygy,,,,,,
Imerou Pefkou street,,,,,,
Phaistos,,,,,,
Koumoundourou,,,,,,
Sporades,,,,,,
Calama,,,,,,
Tsiknopempti,,,,,,
Northwest Europe,,,,,,
Great Britain,,,,,,
Elafonissos,,,,,,
Katafurko,,,,,,
San Antonio,,,,,,
Bangkok,,,,,,
Lapsistas,,,,,,
Patisia,,,,,,
Kizirlmak,,,,,,
Ilioupoli,,,,,,
Savoie,,,,,,
Lake Maracaibo,,,,,,
Barakah,,,,,,
Domokos,,,,,,
Al Dhafra,,,,,,
Dhabi,,,,,,
The Municipality of Akama,,,,,,
Alpheios,,,,,,
Warsaw,,,,,,
New,,,,,,
Anderlecht,,,,,,
​​the,,,,,,
Eurovision,,,,,,
Honshu island's,,,,,,
​​the island,,,,,,
Skiathos - NAUTHEBOR,,,,,,
Tohoku,,,,,,
Honshu Island's,,,,,,
Iwate Prefecture,,,,,,
Hubei Province,,,,,,
Iwate,,,,,,
​​the Municipality of Kymi - Aliveri,,,,,,
Epanomi beach,,,,,,
Xiangyang City,,,,,,
Astypalaia,,,,,,
Cran Montana,,,,,,
Assos Kefalonia,,,,,,
Connecticut,,,,,,
Northeast US,,,,,,
Platana,,,,,,
Tzavella,,,,,,
Indi,,,,,,
Lefkada,,,,,,
Geelong,,,,,,
Black Sea,,,,,,
Aigio,,,,,,
Selianitika,,,,,,
East Aceh,,,,,,
Colonos,,,,,,
Aktaeo,,,,,,
Volga River,,,,,,
St. Petersburg,,,,,,
Porovitsa,,,,,,
Ampelo,,,,,,
Hormuz - Damage,,,,,,
Ano Porovitsa,,,,,,
Afissos,,,,,,
Neochori South Pelion,,,,,,
Thessaloniki-Kilkis,,,,,,
Trabzon,,,,,,
Ancas province,,,,,,
Lima,,,,,,
Panthessalikos,,,,,,
​​the Tombs,,,,,,
Zonguldak,,,,,,
Kavoussi,,,,,,
Tekke Park,,,,,,
Thessaloniki-Kilk,,,,,,
Central and Northern Evia,,,,,,
Paralia,,,,,,
Zeug,,,,,,
Andromachis,,,,,,
Penelopis,,,,,,
Bartholomew,,,,,,
Gibraltar,,,,,,
Mazarak,,,,,,
the Sichuan Basin,,,,,,
Mongolia,,,,,,
the stormy sea,,,,,,
Sierra Nevada,,,,,,
PPC,,,,,,
Nymfaio,,,,,,
Dnipro,,,,,,
temperature - Rain,,,,,,
Southeast,,,,,,
Courmayeur,,,,,,
Theodoros Atmatzidis*For,,,,,,
West,,,,,,
Bern,,,,,,
Mytakas,,,,,,
the United Kingdom,,,,,,
Nea,,,,,,
